{
  "tenant_creation": {
    "min": 0.8498989996041928,
    "max": 9.054097999978694,
    "avg": 2.1213914599957207,
    "median": 1.7240994998246606,
    "std": 1.2631859190723846,
    "iterations": 50
  },
  "audit_logging": {
    "min": 0.30550000019502477,
    "max": 6.581697999990865,
    "avg": 1.258991699969556,
    "median": 1.1172499998792773,
    "std": 0.8283499514770869,
    "iterations": 50
  },
  "cluster_add_node": {
    "min": 0.3714999998010171,
    "max": 1.3423999998849467,
    "avg": 0.8553097800358955,
    "median": 0.8133500002713845,
    "std": 0.22930621431240267,
    "iterations": 50
  },
  "quota_check": {
    "min": 0.0005000001692678779,
    "max": 0.006599999778700294,
    "avg": 0.0007780000123602804,
    "median": 0.0006000000212225132,
    "std": 0.0008949495197052768,
    "iterations": 50
  }
}